{"is_source_file": true, "format": "Python", "description": "This file is a Python source file that serves as the package initialization for the restaurant backend API, primarily documenting that it contains the FastAPI app, database layer, models, schemas, and route registrations.", "external_files": [], "external_methods": [], "published": [], "classes": [], "methods": [], "calls": [], "search-terms": ["restaurant_backend", "FastAPI", "route registrations", "schemas", "models", "database layer"], "state": 2, "file_id": 2, "knowledge_revision": 10, "git_revision": "", "ctags": [], "hash": null, "format-version": 4, "code-base-name": "restaurant_backend", "filename": "restaurant_backend/src/api/__init__.py", "revision_history": [{"10": ""}]}